Country,Country_Subdivision_Primary,Country_Subdivision_Secondary,Spend_USD,Spend_EUR,Spend_INR,Spend_BGN,Spend_HRK,Spend_CZK,Spend_DKK,Spend_HUF,Spend_PLN,Spend_RON,Spend_SEK,Spend_GBP
AT,,,1124800,1014500,79536750,1984300,7526200,26173000,7575000,334950000,4391900,4824375,10857750,891550
BE,,,439600,392750,30707750,768225,2914400,10117000,2933000,127537500,1688400,1869675,4215000,342050
BG,,,10900,9750,767500,19100,72600,251000,73000,3195000,41900,46425,105000,8500
CY,,,7100,6300,493000,12325,46800,162000,47000,2055000,27100,30000,67500,5500
CZ,,,61900,55500,4352750,108575,412500,1431000,414500,18157500,239100,264525,594750,48300
DE,,,1032500,926350,72674750,1811925,6884500,23829000,6918000,303825000,3987000,4412925,9938250,807300
DK,,,664600,593800,46376250,1161450,4407100,15291000,4434500,192915000,2547800,2823150,6340500,520050
EE,,,24000,21450,1679000,41950,159200,552000,160000,6975000,92200,102075,230250,18650
ES,,,1170100,1050450,82282500,2054600,7805600,26946000,7846000,343417500,4497700,4999800,11181750,910650
FI,,,235900,210000,16373750,410725,1560000,5399000,1567500,67732500,901500,999225,2213250,181650
FR,,,16100,14400,1136750,28200,107000,371000,107500,4725000,62100,68625,154500,12550
GB,,,2312800,2086300,164490250,4080450,15518800,53278000,15589500,691177500,8940400,9963975,21993750,1767850
GR,,,1193100,1059300,82839250,2072125,7848500,27113000,7908500,343312500,4521800,5019075,11263500,939700
HR,,,109700,98350,7763500,192375,731300,2517000,735000,32370000,421100,469425,1042500,84450
HU,,,96100,86650,6792000,169500,643700,2230000,647500,28612500,373200,412650,927750,75650
IE,,,94800,85950,6749750,168075,640000,2166000,642000,28875000,367700,409875,912000,73100
IN,IN-AN,,5600,5050,395500,9900,37500,130000,38000,1627500,21700,24075,54000,4350
IN,IN-AP,,603300,537150,41703750,1050600,3990500,13807000,4010000,172230000,2306200,2554500,5601000,461150
IN,IN-AR,,5600,5050,396500,9925,37600,130000,38000,1635000,21800,24150,54000,4400
IN,IN-AS,,21200,18850,1478250,36900,140100,484000,141000,6060000,80900,89700,198750,16250
IN,IN-BR,,206000,183800,14410250,359500,1363800,4721000,1372500,59445000,789300,874725,1959000,158600
IN,IN-CH,,107500,95850,7509750,187500,711000,2463000,715500,30937500,411400,456150,1020750,82750
IN,IN-CT,,15700,14000,1096750,27375,103900,360000,104500,4507500,60100,66600,148500,12100
IN,IN-DD,,5800,5200,406000,10150,38500,134000,39000,1672500,22300,24675,54750,4500
IN,IN-DL,,826800,744500,58429000,1456250,5537800,18878000,5561500,246457500,3186300,3549900,7893000,634850
IN,IN-DN,,5800,5200,407250,10175,38600,134000,39000,1680000,22400,24750,55500,4500
IN,IN-GA,,6700,6000,468500,11700,44400,154000,44500,1927500,25700,28500,63750,5150
IN,IN-GJ,,108400,96300,7547250,188375,715600,2471000,719000,30907500,412800,458250,1011000,83100
IN,IN-HP,,42900,38250,2994000,74800,283700,983000,285500,12330000,164100,181950,406500,33000
IN,IN-HR,,143900,128550,10061000,251475,954300,3296000,960000,41670000,551300,611925,1365000,110600
IN,IN-JH,,25700,22950,1798250,44875,170400,589000,171500,7410000,98500,109200,242250,19800
IN,IN-JK,,15900,14150,1108250,27675,105100,364000,105500,4545000,60700,67350,149250,12200
IN,IN-KA,,47400,42100,3301250,82400,312900,1081000,314500,13522500,180800,200400,442500,36300
IN,IN-KL,,33800,30050,2351000,58750,223200,771000,224000,9630000,128600,142875,315000,25950
IN,IN-LD,,5600,5000,393000,9825,37300,129000,37500,1620000,21600,23925,53250,4350
IN,IN-MH,,427800,383750,30297250,750600,2853300,9856000,2866500,125970000,1645200,1825200,4110750,331450
IN,IN-ML,,5900,5300,413500,10350,39200,136000,39500,1702500,22700,25125,56250,4550
IN,IN-MN,,7300,6500,510500,12750,48400,168000,48500,2100000,28000,31050,69000,5650
IN,IN-MP,,203700,181550,14232750,355150,1348000,4665000,1355500,58477500,779100,864000,1923000,156900
IN,IN-MZ,,5700,5150,403500,10100,38300,133000,38500,1665000,22100,24525,54750,4450
IN,IN-NL,,5700,5100,399750,10000,37900,131000,38000,1650000,21900,24300,54000,4400
IN,IN-OR,,26400,23600,1850250,46150,175200,606000,176000,7590000,101300,112275,249000,20350
IN,IN-PB,,97500,86900,6806000,170025,644900,2233000,649000,28050000,372900,413625,924000,75050
IN,IN-PY,,6100,5450,427500,10675,40500,141000,41000,1762500,23500,26025,57750,4700
IN,IN-RJ,,203200,181100,14157750,354225,1344400,4648000,1352000,58312500,776200,861600,1912500,156100
IN,IN-SK,,5700,5050,396750,9925,37600,131000,38000,1635000,21800,24150,54000,4400
IN,IN-TG,,245800,218700,17019250,427750,1624500,5618000,1632500,70102500,938900,1039950,2283000,187950
IN,IN-TN,,632200,559800,43809000,1095000,4162000,14348000,4178500,179760000,2395200,2664150,5860500,483250
IN,IN-TR,,6700,6000,468750,11700,44400,154000,44500,1927500,25700,28500,63750,5150
IN,IN-UP,,276900,247150,19348500,483475,1835000,6335000,1845500,79875000,1060000,1176150,2615250,212550
IN,IN-UT,,11800,10550,826000,20625,78200,270000,78500,3405000,45200,50175,111750,9050
IN,IN-WB,,257200,229850,18026000,449650,1706600,5923000,1716500,74535000,988900,1094625,2456250,198650
IT,,,260600,233500,18286750,456775,1734000,6004000,1744000,76320000,1003500,1111950,2502000,203400
LT,,,28500,25550,1999750,49950,189700,659000,190500,8332500,110100,121650,273750,22350
LU,,,1400,1300,100750,2525,9500,33000,9500,420000,5500,6150,13500,1150
LV,,,7700,6900,545750,13525,51500,179000,51500,2272500,29900,33000,74250,6050
MT,,,600,550,42250,1050,4000,14000,4000,172500,2300,2550,6000,450
NL,,,100100,89800,7025250,175650,667400,2320000,670500,29430000,387500,427800,966000,78850
PL,,,696300,630500,49418000,1233300,4683500,16299000,4708000,209452500,2735700,2999400,6789000,557750
PT,,,2000,1750,138500,3425,13000,45000,13000,577500,7500,8325,18750,1500
RO,,,947500,852500,67023000,1667450,6338900,21961000,6367000,280927500,3671400,4061250,9139500,741900
SE,,,93200,83300,6511000,162975,618900,2150000,622000,27165000,358500,396750,894000,73100
SI,,,6700,5950,467500,11675,44300,154000,44500,1942500,25700,28425,64500,5200
SK,,,1338200,1216700,95284250,2379625,9055600,30768000,9089500,406627500,5206100,5813700,12890250,1034000
US,US-AK,AK-AT LARGE,263000,235900,18829750,461375,1758300,6092000,1761000,78532500,1020700,1122750,2498250,206400
US,US-AL,AL-1,336800,303800,24150500,594225,2264400,7765000,2269000,101467500,1307900,1449075,3211500,261950
US,US-AL,AL-2,320900,288050,22906750,563325,2145400,7369000,2151000,96052500,1241100,1371300,3039000,248700
US,US-AL,AL-3,318100,286950,22830000,561200,2138900,7337000,2143000,95835000,1235700,1368525,3032250,247400
US,US-AL,AL-4,385600,348850,27633250,682275,2600400,8879000,2606000,116925000,1499700,1666650,3689250,299000
US,US-AL,AL-5,363400,327850,26074000,641175,2443800,8384000,2448500,109545000,1412100,1564200,3466500,282800
US,US-AL,AL-6,515500,465250,36998000,909875,3468500,11903000,3474500,155542500,2004600,2220450,4920750,401350
US,US-AL,AL-7,301700,272200,21614500,532375,2028000,6945000,2033000,90795000,1170800,1298175,2874750,234350
US,US-AR,AR-1,272900,246250,19575000,481650,1835700,6293000,1839500,82290000,1060300,1174500,2603250,212200
US,US-AR,AR-2,495600,445150,35537000,870650,3316200,11382000,3324000,148125000,1916400,2117025,4693500,384850
US,US-AR,AR-3,432900,390900,31041750,764500,2913500,9979000,2919500,130665000,1682100,1865100,4132500,336500
US,US-AR,AR-4,263900,238250,18922500,465950,1775700,6084000,1779500,79620000,1025400,1136475,2518500,205150
US,US-AZ,AZ-1,1083800,961100,78380500,1879850,7159400,24800000,7173500,317107500,4152200,4538475,10088250,841900
US,US-AZ,AZ-2,892600,789300,64721250,1543825,5879400,20389000,5890500,260115000,3411900,3721950,8274750,692850
US,US-AZ,AZ-3,696900,617500,50469000,1207775,4600400,15935000,4608500,203655000,2667700,2914875,6477000,541000
US,US-AZ,AZ-4,1012800,900000,73393500,1760275,6708700,23259000,6717000,297682500,3894000,4255200,9454500,788000
US,US-AZ,AZ-5,734400,651650,53234750,1274525,4856900,16837000,4863500,215295000,2818500,3078375,6839250,570900
US,US-AZ,AZ-6,1198800,1064500,86875000,2082100,7935000,27512000,7945000,351997500,4605600,5032200,11175750,932550
US,US-AZ,AZ-7,1638900,1447200,118575250,2830575,10768900,37253000,10800500,475162500,6235200,6816675,15144750,1267450
US,US-AZ,AZ-8,856600,760200,62080750,1486875,5665800,19634000,5674000,251137500,3287100,3591900,7981500,665850
US,US-AZ,AZ-9,853700,757550,61854500,1481725,5646000,19551000,5654000,250185000,3274100,3579750,7953750,663500
US,US-CA,CA-1,337700,303750,24261000,594125,2265300,7814000,2268500,101340000,1312400,1448325,3215250,263900
US,US-CA,CA-10,884600,780550,64012000,1526650,5808200,20061000,5825500,256402500,3363400,3676725,8173500,683650
US,US-CA,CA-11,545100,491200,39122750,960700,3662200,12587000,3668000,164107500,2118400,2343300,5195250,425000
US,US-CA,CA-12,1333200,1204400,95494250,2355525,8973000,30691000,8995500,402285000,5175900,5749125,12729750,1034750
US,US-CA,CA-13,728700,656250,52280000,1283525,4891600,16807000,4901000,218970000,2828000,3130500,6941250,567750
US,US-CA,CA-14,535800,483350,38467000,945300,3603400,12374000,3609500,161490000,2083500,2306550,5114250,417750
US,US-CA,CA-15,441000,397450,31685000,777350,2963900,10188000,2968000,132855000,1714500,1896825,4203750,343800
US,US-CA,CA-16,331200,297850,23784000,582550,2219400,7629000,2224500,99232500,1282900,1419225,3146250,257700
US,US-CA,CA-17,1071200,967800,76953250,1892825,7216900,24721000,7228500,324105000,4169700,4624275,10237500,833250
US,US-CA,CA-18,590400,531950,42416750,1040425,3966600,13646000,3972500,177675000,2295600,2537850,5630250,461000
US,US-CA,CA-19,424500,382750,30507000,748600,2854300,9809000,2858500,127957500,1650800,1827000,4049250,330950
US,US-CA,CA-2,490000,441600,35206250,863675,3293200,11338000,3297500,147570000,1906700,2106900,4674750,382850
US,US-CA,CA-20,482400,434950,34615500,850700,3242600,11137000,3248500,145305000,1874700,2075175,4602750,376000
US,US-CA,CA-21,417100,373550,30072000,730600,2782900,9588000,2789000,123967500,1610500,1773975,3933750,324200
US,US-CA,CA-22,476900,427650,34312000,836425,3186700,10967000,3193500,142230000,1843500,2034975,4512000,370850
US,US-CA,CA-23,297800,267450,21436750,523075,1993600,6871000,1997000,89032500,1154600,1272975,2823000,232200
US,US-CA,CA-24,442200,398200,31772500,778825,2969100,10218000,2973500,132907500,1718200,1899300,4212750,345050
US,US-CA,CA-25,966600,858650,70485500,1679425,6405500,22281000,6408000,284940000,3730000,4060200,9024000,752200
US,US-CA,CA-26,411800,370350,29615250,724325,2760900,9501000,2765500,123487500,1597500,1764525,3913500,320950
US,US-CA,CA-27,468200,421600,33633750,824575,3143100,10808000,3148500,140677500,1818200,2010750,4458000,364950
US,US-CA,CA-28,657300,591200,47228250,1156250,4407100,15165000,4414500,197085000,2549800,2818350,6251250,512550
US,US-CA,CA-29,671000,604800,48161000,1182875,4507600,15454000,4517000,201960000,2603300,2885325,6392250,521650
US,US-CA,CA-3,346800,312350,24919500,610925,2329300,8016000,2332500,104287500,1348000,1490175,3304500,270700
US,US-CA,CA-30,582500,522300,41930750,1021550,3892900,13413000,3900000,173760000,2253700,2484825,5514750,453750
US,US-CA,CA-31,524900,469750,37909250,918725,3500200,12060000,3507500,156045000,2025100,2232375,4948500,407900
US,US-CA,CA-32,347600,311800,25017000,609850,2323900,7995000,2328500,103732500,1344000,1483500,3288750,270250
US,US-CA,CA-33,686100,617850,49287500,1208375,4606600,15853000,4614000,206197500,2665800,2947200,6538500,535550
US,US-CA,CA-34,627700,565450,45003500,1105950,4213000,14448000,4223000,188490000,2432700,2696700,5973750,487650
US,US-CA,CA-35,487400,438600,35041000,857800,3269900,11229000,3275500,146460000,1889500,2091900,4631250,378750
US,US-CA,CA-36,486100,438000,34949250,856700,3266800,11243000,3271000,146347500,1890800,2089425,4632750,379050
US,US-CA,CA-37,493200,444300,35454500,869025,3313600,11393000,3318000,148425000,1916700,2120400,4699500,384600
US,US-CA,CA-38,369000,332200,26534000,649675,2476600,8507000,2481000,110910000,1432000,1583925,3510000,287250
US,US-CA,CA-39,931300,818950,67409750,1601800,6091300,21063000,6111500,267990000,3527500,3848475,8559000,718650
US,US-CA,CA-4,449200,404150,32296750,790425,3013600,10384000,3018000,134835000,1745400,1926150,4274250,350850
US,US-CA,CA-40,323100,291150,23201250,569400,2170100,7444000,2174500,97185000,1253300,1388775,3075750,251250
US,US-CA,CA-41,409200,368350,29373000,720475,2745700,9437000,2751000,122842500,1587300,1756875,3894000,318650
US,US-CA,CA-42,376200,338800,27063250,662625,2526600,8696000,2530000,113137500,1462500,1615650,3582000,293450
US,US-CA,CA-43,1128300,1018300,80877750,1991625,7587400,25970000,7606000,340162500,4379100,4861875,10762500,876000
US,US-CA,CA-44,355800,320800,25539500,627450,2391400,8200000,2396000,107152500,1380900,1530675,3390750,276650
US,US-CA,CA-45,1368300,1210250,98777250,2367075,9004100,31101000,9033000,397627500,5211400,5702550,12696000,1060000
US,US-CA,CA-46,467700,416100,33681500,813850,3098800,10669000,3106500,137700000,1792300,1970850,4378500,362600
US,US-CA,CA-47,465300,418100,33453250,817750,3116700,10731000,3122000,139335000,1803600,1991775,4418250,362600
US,US-CA,CA-48,1054600,935250,76281750,1829250,6961900,24052000,6981000,308130000,4032800,4415475,9815250,817600
US,US-CA,CA-49,715600,640250,51622500,1252225,4770400,16450000,4780000,212505000,2762300,3039975,6749250,557100
US,US-CA,CA-5,444400,400700,31918250,783725,2987900,10271000,2992500,133927500,1728500,1912125,4240500,346600
US,US-CA,CA-50,506100,456150,36419250,892125,3401500,11681000,3406500,152415000,1967300,2175300,4821000,394250
US,US-CA,CA-51,452800,407950,32480000,797875,3039900,10427000,3047000,136072500,1755400,1945575,4309500,351950
US,US-CA,CA-52,682500,614800,49028000,1202450,4582900,15746000,4591500,205192500,2650000,2932350,6500250,531700
US,US-CA,CA-53,552800,498250,39674000,974500,3713600,12742000,3721500,166297500,2145800,2376825,5266500,430100
US,US-CA,CA-6,847400,762950,60769500,1492200,5686100,19539000,5697500,254482500,3287400,3636600,8064750,660400
US,US-CA,CA-7,476100,426000,34325000,833150,3174700,10942000,3180500,141660000,1838500,2025075,4494750,370500
US,US-CA,CA-8,470900,424000,33882250,829300,3162400,10887000,3166500,141630000,1830500,2022225,4484250,367200
US,US-CA,CA-9,396400,357250,28480250,698750,2663600,9145000,2668000,119377500,1539600,1704300,3776250,308450
US,US-CO,CO-1,1824500,1637550,131039500,3202725,12197700,41921000,12228500,544477500,7047700,7788750,17282250,1416600
US,US-CO,CO-2,708900,636900,50961500,1245650,4747100,16346000,4755500,212122500,2747800,3031650,6729000,552500
US,US-CO,CO-3,516200,463250,37139000,906100,3452800,11897000,3459000,154215000,1998900,2203725,4892250,402050
US,US-CO,CO-4,580700,521200,41761250,1019375,3885300,13386000,3891500,173632500,2249100,2480175,5504250,452050
US,US-CO,CO-5,564900,507900,40603250,993400,3786500,13039000,3792500,169395000,2191600,2418975,5369250,440400
US,US-CO,CO-6,966700,857750,69876750,1677675,6388000,22046000,6403000,283470000,3698800,4054575,9020250,749400
US,US-CO,CO-7,553400,495550,39880500,969175,3693300,12732000,3700000,164685000,2138700,2353875,5226000,430650
US,US-CT,CT-1,330000,296300,23714500,579575,2209500,7643000,2212500,98670000,1281800,1410975,3136500,258650
US,US-CT,CT-2,299400,268850,21519750,525850,2005000,6935000,2007500,89565000,1163100,1280475,2845500,234500
US,US-CT,CT-3,294900,264500,21160000,517325,1971600,6814000,1975000,87930000,1142900,1258875,2796750,230650
US,US-CT,CT-4,379000,340050,27212750,665075,2534800,8751000,2539000,113152500,1468200,1618500,3594000,296000
US,US-CT,CT-5,290100,260250,20834500,508975,1940500,6714000,1943000,86647500,1125700,1238775,2751750,227000
US,US-DC,DC-AT LARGE,2020300,1807450,144359250,3535075,13453200,46318000,13496000,597945000,7776100,8591625,19076250,1570750
US,US-DE,DE-AT LARGE,468400,418650,33578500,818850,3122100,10815000,3125000,139102500,1811500,1988250,4425000,367000
US,US-FL,FL-1,556400,495500,40110500,969175,3691100,12780000,3698500,163725000,2140900,2344275,5213250,433750
US,US-FL,FL-10,1613700,1434400,116141500,2805525,10680000,36979000,10705500,473332500,6196800,6774975,15077250,1256500
US,US-FL,FL-11,630700,563250,45487250,1101650,4199400,14559000,4204500,186877500,2438700,2670450,5940000,492850
US,US-FL,FL-12,674100,601450,48658500,1176425,4484600,15547000,4489500,199492500,2604300,2850600,6339000,526350
US,US-FL,FL-13,638500,569900,45991250,1114700,4247700,14706000,4254500,188977500,2464600,2701500,6009000,498400
US,US-FL,FL-14,1111200,986700,79999750,1929900,7347000,25437000,7364500,325245000,4260900,4659975,10363500,864550
US,US-FL,FL-15,639600,570400,46222250,1115650,4253600,14750000,4257500,189187500,2470400,2702175,6008250,499550
US,US-FL,FL-16,760200,677900,54797750,1325900,5052500,17497000,5060000,224595000,2931900,3210600,7140750,593200
US,US-FL,FL-17,589100,524600,42297500,1026100,3909600,13544000,3915500,173715000,2268700,2482950,5527500,459650
US,US-FL,FL-18,783200,696350,56640000,1361975,5187700,17971000,5197500,229882500,3009600,3290475,7314750,609400
US,US-FL,FL-19,895500,800650,64659500,1566025,5971800,20680000,5977000,266235000,3466700,3799125,8446500,698850
US,US-FL,FL-2,459700,409750,33091250,801450,3053000,10564000,3058500,135637500,1770700,1940250,4317000,358550
US,US-FL,FL-20,444900,395400,32164750,773325,2945700,10202000,2951000,130575000,1708800,1868775,4154250,346200
US,US-FL,FL-21,664900,593850,48028500,1161475,4428300,15337000,4433000,197220000,2570400,2815725,6261750,519000
US,US-FL,FL-22,775700,692800,55979500,1355075,5165200,17879000,5172000,230025000,2997100,3285375,7305000,605350
US,US-FL,FL-23,686400,611900,49592000,1196800,4561700,15802000,4567500,202875000,2647800,2898675,6444000,535300
US,US-FL,FL-24,1280000,1137200,92452750,2224250,8465700,29288000,8488000,374887500,4908400,5370000,11938500,995150
US,US-FL,FL-25,847900,760500,62117500,1487500,5694900,19923000,5675500,256110000,3332100,3620250,8043000,667050
US,US-FL,FL-26,792800,699250,57550250,1367700,5205600,18053000,5218000,230025000,3020700,3293025,7325250,613750
US,US-FL,FL-27,1427000,1266350,103291750,2476875,9434400,32707000,9451000,417855000,5476600,5978400,13287750,1109850
US,US-FL,FL-3,685800,611800,49467250,1196600,4560000,15786000,4567000,202785000,2646200,2898375,6447000,535150
US,US-FL,FL-4,938700,836150,67789250,1635400,6229700,21572000,6241000,276435000,3614500,3955500,8797500,731650
US,US-FL,FL-5,337600,300400,24339000,587550,2237300,7739000,2242500,99202500,1296900,1420425,3159750,262900
US,US-FL,FL-6,953300,843900,68731750,1650600,6284200,21786000,6298000,277882500,3644800,3979350,8864250,741750
US,US-FL,FL-7,813400,723950,58650250,1416000,5394000,18684000,5403500,239407500,3129500,3425550,7620000,634500
US,US-FL,FL-8,717400,640550,51717500,1252800,4774400,16531000,4781500,212415000,2770300,3035700,6753000,560200
US,US-FL,FL-9,832300,741700,60165250,1450725,5532100,19197000,5536000,246150000,3214700,3513075,7814250,650000
US,US-GA,GA-1,317200,285350,22803250,558100,2128200,7342000,2130500,95220000,1233300,1359600,3016500,247750
US,US-GA,GA-10,292800,263800,21081250,515950,1968000,6782000,1970000,88177500,1140200,1257450,2789250,228750
US,US-GA,GA-11,347500,311850,25095250,609950,2325900,8034000,2328500,103845000,1348700,1482600,3289500,271300
US,US-GA,GA-12,262800,237000,18908500,463500,1768000,6088000,1769500,79282500,1024000,1130325,2506500,205250
US,US-GA,GA-13,522300,470450,37673500,920125,3511000,12127000,3512500,157372500,2036800,2242350,4974750,408750
US,US-GA,GA-14,278000,250600,20043500,490175,1870700,6457000,1871500,83947500,1084900,1195200,2651250,217400
US,US-GA,GA-2,264500,238150,19040250,465800,1776700,6125000,1778500,79590000,1029400,1134900,2517750,206600
US,US-GA,GA-3,308700,278250,22229750,544225,2076300,7161000,2077500,93105000,1203500,1326900,2943750,241450
US,US-GA,GA-4,371400,334050,26782250,653375,2492100,8593000,2494500,111510000,1444000,1590525,3527250,289950
US,US-GA,GA-5,1367200,1234300,97876250,2413975,9194500,31451000,9218000,411810000,5303900,5880600,13044000,1062400
US,US-GA,GA-6,1247000,1114050,90250000,2178950,8305500,28703000,8316500,369547500,4818700,5282325,11715750,971000
US,US-GA,GA-7,560400,503150,40576750,984050,3755800,12999000,3756000,167977500,2181100,2393175,5301750,438200
US,US-GA,GA-8,217200,195600,15622500,382550,1459000,5026000,1460500,65355000,844900,932100,2067750,169550
US,US-GA,GA-9,318500,286850,22979000,561025,2141400,7396000,2141500,96030000,1242000,1367925,3033750,249300
US,US-HI,HI-1,276400,247500,19909500,484075,1845500,6394000,1848000,82282500,1071100,1177050,2616000,216350
US,US-HI,HI-2,236100,211850,16994750,414375,1580200,5471000,1582000,70590000,917100,1008900,2241750,184950
US,US-IA,IA-1,2283000,2054400,163310750,4018150,15288900,52555000,15345000,683197500,8823400,9785700,21741750,1772300
US,US-IA,IA-2,2009200,1810450,143422000,3540975,13469800,46274000,13523500,602400000,7772400,8629725,19185750,1561900
US,US-IA,IA-3,2682700,2412750,191705500,4719025,17951500,61685000,18021500,801615000,10356400,11488125,25548000,2083500
US,US-IA,IA-4,1540700,1386250,110215000,2711250,10317300,35442000,10354500,460822500,5950800,6602475,14661000,1194500
US,US-ID,ID-1,304500,273950,21927750,535850,2044600,7076000,2045500,91567500,1187200,1306650,2901000,238900
US,US-ID,ID-2,303800,273050,21834000,534100,2036500,7039000,2039000,91035000,1181100,1301325,2889000,237950
US,US-IL,IL-1,340800,306550,24467500,599550,2285700,7857000,2289000,102202500,1321200,1461000,3242250,265600
US,US-IL,IL-10,336400,302550,24187750,591700,2256100,7761000,2259000,100905000,1305000,1441425,3198750,262300
US,US-IL,IL-11,368500,330700,26519250,646825,2466100,8484000,2469500,110130000,1426000,1573725,3493500,287050
US,US-IL,IL-12,484200,430200,34996500,841450,3203700,11052000,3211500,141922500,1854200,2033550,4517250,375500
US,US-IL,IL-13,387600,345650,27935500,676050,2574400,8878000,2580500,114210000,1489900,1637325,3635250,300750
US,US-IL,IL-14,772200,688500,55780750,1346650,5128700,17690000,5140500,227437500,2966200,3260775,7241250,599150
US,US-IL,IL-15,278100,249400,20001000,487800,1859000,6403000,1862500,82890000,1075800,1185900,2632500,216650
US,US-IL,IL-16,330200,296550,23723750,580000,2210800,7607000,2214500,98752500,1278700,1411575,3132750,257150
US,US-IL,IL-17,255900,230200,18360250,450200,1715900,5902000,1719000,76740000,992200,1096875,2433750,199300
US,US-IL,IL-18,247300,222100,17770000,434400,1656000,5702000,1658500,74017500,958300,1057350,2347500,192700
US,US-IL,IL-2,421500,378500,30225250,740325,2822000,9708000,2826500,126097500,1632000,1802550,4000500,328400
US,US-IL,IL-3,534400,481450,38425750,941675,3592500,12336000,3595500,160935000,2075800,2297100,5097750,416700
US,US-IL,IL-4,512100,462100,36689250,903800,3443900,11772000,3451500,154320000,1985200,2203275,4883250,397350
US,US-IL,IL-5,581100,522450,41748000,1021800,3896500,13399000,3901500,174187500,2252700,2490450,5528250,453150
US,US-IL,IL-6,583000,516750,42073000,1010675,3847200,13290000,3857000,170145000,2227400,2438925,5421750,451950
US,US-IL,IL-7,1142400,1026950,82037500,2008550,7659500,26292000,7669000,342225000,4425400,4895475,10856250,888400
US,US-IL,IL-8,602500,539800,43372750,1055825,4025700,13856000,4031000,179587500,2328100,2567550,5703000,469300
US,US-IL,IL-9,621900,559500,44674250,1094275,4172600,14355000,4178000,186637500,2413500,2667450,5922000,485300
US,US-IN,IN-1,486400,428600,35163000,838325,3189700,11062000,3198500,140580000,1850300,2017200,4487250,377150
US,US-IN,IN-2,567200,498750,40933750,975450,3708600,12853000,3721500,163020000,2149700,2343975,5217750,439000
US,US-IN,IN-3,586200,515150,42386000,1007575,3831300,13287000,3844000,168352500,2221400,2419050,5383500,453550
US,US-IN,IN-4,583300,513050,42137000,1003475,3815900,13226000,3828500,167872500,2212400,2411400,5367750,451700
US,US-IN,IN-5,724800,637600,52312000,1247025,4743200,16446000,4757500,208800000,2750500,2997750,6670500,561550
US,US-IN,IN-6,569200,500550,41101750,979000,3723000,12904000,3735000,163800000,2158100,2352300,5237250,440650
US,US-IN,IN-7,589400,518700,42593750,1014475,3858200,13375000,3870500,169785000,2237000,2439450,5426250,456500
US,US-IN,IN-8,492800,433150,35551000,847175,3221000,11167000,3232000,141615000,1867500,2034675,4530750,381700
US,US-IN,IN-9,711800,627550,51407500,1227400,4668200,16182000,4683000,205702500,2706900,2953800,6573750,552150
US,US-KS,KS-1,206100,184400,14850500,360700,1374600,4760000,1377000,61237500,797600,876150,1947750,161050
US,US-KS,KS-2,606000,533300,43760500,1043100,3968000,13750000,3979500,174690000,2299900,2506875,5588250,469600
US,US-KS,KS-3,836400,736850,60356500,1441175,5483500,18987000,5498500,242002500,3177800,3468450,7731000,648200
US,US-KS,KS-4,231900,207850,16695000,406500,1549400,5366000,1551500,69097500,899300,988350,2197500,181600
US,US-KY,KY-1,369300,332850,26642500,650975,2484100,8644000,2485000,111487500,1448400,1586775,3544500,293450
US,US-KY,KY-2,503600,453850,36349500,887650,3388300,11788000,3388000,152115000,1975200,2164200,4830000,399700
US,US-KY,KY-3,722100,651550,52099250,1274350,4862800,16916000,4864000,218437500,2835900,3107925,6948000,574700
US,US-KY,KY-4,506200,456750,36655500,893325,3414400,11890000,3410000,153682500,1990900,2181225,4858500,401250
US,US-KY,KY-5,346800,312650,25020000,611525,2333900,8118000,2334500,104790000,1359900,1490775,3327750,274900
US,US-KY,KY-6,938300,833900,67712000,1631000,6215000,21600000,6223500,275707500,3612300,3941250,8787000,735150
US,US-LA,LA-1,460100,413350,32791000,808500,3074600,10645000,3086500,136830000,1784100,1965150,4391250,362950
US,US-LA,LA-2,446300,401000,31793250,784325,2982100,10316000,2994500,132682500,1729300,1906275,4259250,351850
US,US-LA,LA-3,347100,312050,24730250,610325,2320500,8034000,2330000,103312500,1346500,1483425,3318000,274100
US,US-LA,LA-4,294400,264550,20968750,517400,1967100,6809000,1975500,87510000,1141100,1257225,2811000,232300
US,US-LA,LA-5,244500,219700,17419750,429750,1634000,5656000,1640500,72720000,947900,1044300,2334750,193000
US,US-LA,LA-6,316000,283600,22532250,554700,2109000,7302000,2117500,93750000,1223500,1346850,3009000,249200
US,US-MA,MA-1,520100,468850,37285000,916950,3494200,11977000,3501500,156600000,2018300,2235375,4957500,404450
US,US-MA,MA-2,506000,455300,36317750,890450,3393300,11659000,3400000,151807500,1961500,2169525,4812750,394050
US,US-MA,MA-3,587700,527450,42166500,1031625,3930400,13493000,3939000,175687500,2270600,2510325,5571000,456850
US,US-MA,MA-4,515200,463800,36984750,907075,3457400,11882000,3463500,154762500,1999100,2211225,4905000,401500
US,US-MA,MA-5,695900,626250,49908000,1224825,4667400,16035000,4677000,208897500,2698100,2985300,6622500,542150
US,US-MA,MA-6,550800,495700,39523750,969500,3694900,12694000,3702000,165412500,2136000,2362950,5241750,429050
US,US-MA,MA-7,680900,610050,48698750,1193100,4542400,15610000,4555000,202365000,2624800,2900850,6436500,529000
US,US-MA,MA-8,1171900,1057900,83997250,2069000,7884000,26964000,7902000,353887500,4545700,5049975,11181750,908950
US,US-MA,MA-9,522300,469950,37481250,919175,3503200,12050000,3509500,156825000,2026900,2240025,4971000,407650
US,US-MD,MD-1,286000,257150,20532750,502975,1917700,6617000,1920000,85777500,1111100,1225725,2720250,223650
US,US-MD,MD-2,410000,369150,29459750,721975,2753000,9481000,2756500,123307500,1593300,1760550,3904500,320150
US,US-MD,MD-3,369400,332550,26532000,650425,2479900,8541000,2483500,111060000,1435300,1585950,3518250,288500
US,US-MD,MD-4,341300,307500,24569250,601425,2295100,7918000,2296000,102892500,1328900,1468200,3250500,266800
US,US-MD,MD-5,530300,479050,38532500,936950,3585300,12471000,3576000,161662500,2087400,2292750,5064000,417700
US,US-MD,MD-6,490700,437850,35277250,856375,3261400,11246000,3269000,145185000,1887400,2078325,4609500,380900
US,US-MD,MD-7,249400,224400,17913250,438900,1673500,5766000,1675500,74917500,968600,1070100,2373750,194850
US,US-MD,MD-8,681300,612750,48957250,1198425,4569800,15750000,4575500,204502500,2645800,2922450,6480750,531600
US,US-ME,ME-1,1032600,928500,74857750,1816025,6935100,23989000,6932500,311340000,4025700,4426050,9810000,806950
US,US-ME,ME-2,1037300,927850,75065500,1814775,6923300,23934000,6927000,309435000,4013800,4408875,9783000,807650
US,US-MI,MI-1,495500,445750,35897750,871850,3330200,11545000,3328000,149527500,1936600,2124300,4717500,388350
US,US-MI,MI-10,530700,478200,38434250,935325,3573300,12367000,3570500,160695000,2076600,2280975,5065500,415650
US,US-MI,MI-11,1367300,1223150,99203000,2392300,9127400,31637000,9130500,407400000,5303300,5805900,12893250,1067000
US,US-MI,MI-12,981000,881000,70535250,1723125,6567000,22600000,6578500,293422500,3800800,4189500,9304500,764450
US,US-MI,MI-13,578600,519400,41615000,1015850,3871100,13295000,3878500,172852500,2237700,2468175,5475000,449450
US,US-MI,MI-14,715800,642350,51612750,1256275,4790500,16482000,4796000,214147500,2772600,3053625,6774750,556950
US,US-MI,MI-2,615900,554200,44602500,1083950,4139100,14316000,4137500,185775000,2403900,2640600,5862000,481650
US,US-MI,MI-3,708500,637550,51267000,1246975,4761200,16472000,4760000,213630000,2765700,3037875,6744750,554250
US,US-MI,MI-4,481700,434100,34853750,849025,3242800,11226000,3241000,145740000,1884300,2070750,4598250,377300
US,US-MI,MI-5,536600,482900,38781500,944475,3606000,12476000,3605000,161880000,2094800,2301375,5109750,419950
US,US-MI,MI-6,562500,503700,40707000,985125,3757700,12998000,3760000,167947500,2180900,2393100,5316750,438800
US,US-MI,MI-7,534700,480050,38555250,938925,3581800,12379000,3584000,160177500,2077600,2284500,5073000,417600
US,US-MI,MI-8,1066200,949000,77214500,1856125,7071100,24463000,7084000,313417500,4098400,4487400,9969000,828100
US,US-MI,MI-9,718400,645800,51768000,1263125,4818100,16628000,4822000,215865000,2794100,3074850,6832500,561550
US,US-MN,MN-1,855700,755350,62067000,1477325,5621100,19433000,5637500,248002500,3255300,3556500,7905000,661550
US,US-MN,MN-2,834400,739850,60419250,1447025,5508700,19034000,5522500,243817500,3190300,3492825,7761000,646550
US,US-MN,MN-3,668700,595800,48342750,1165250,4440800,15338000,4447500,197655000,2574400,2823075,6273750,519850
US,US-MN,MN-4,793500,711350,57291250,1391325,5306400,18292000,5311500,237180000,3073700,3383775,7515000,618500
US,US-MN,MN-5,1585400,1421000,114064750,2779225,10589200,36433000,10610500,472650000,6124900,6753975,14990250,1232150
US,US-MN,MN-6,383800,344300,27650750,673375,2567500,8852000,2570500,114735000,1487300,1637775,3635250,299150
US,US-MN,MN-7,427800,382550,30799000,748225,2850900,9829000,2856500,127050000,1650600,1816050,4033500,332550
US,US-MN,MN-8,512100,454550,36955000,889000,3384900,11690000,3393000,150127500,1960300,2149425,4779750,397300
US,US-MO,MO-1,1554100,1373150,111907750,2685600,10217100,35245000,10248000,450967500,5910900,6465825,14395500,1202750
US,US-MO,MO-2,857700,754900,61817500,1476500,5615400,19411000,5633000,247155000,3251000,3547200,7898250,663100
US,US-MO,MO-3,709700,626200,51115250,1224725,4659400,16094000,4673000,205537500,2697400,2946000,6562500,549500
US,US-MO,MO-4,712000,629600,51275750,1231375,4685700,16178000,4698500,206962500,2712100,2966100,6606000,551650
US,US-MO,MO-5,1150900,1020400,82786750,1995750,7595200,26170000,7616000,336180000,4392600,4813050,10712250,891550
US,US-MO,MO-6,628700,555550,45258500,1086575,4134900,14277000,4146000,182662500,2393600,2616900,5828250,487050
US,US-MO,MO-7,778800,689450,56028500,1348475,5131400,17695000,5146000,226845000,2968800,3249900,7234500,603250
US,US-MO,MO-8,560800,495450,40375500,969050,3687100,12733000,3697500,162750000,2134300,2332650,5196000,434500
US,US-MS,MS-1,469100,420250,33423500,821875,3126500,10775000,3137500,138697500,1806500,1990800,4429500,366350
US,US-MS,MS-2,364400,326550,25981500,638650,2430100,8367000,2438000,107820000,1403400,1547325,3436500,284100
US,US-MS,MS-3,534300,479150,38096000,937125,3566000,12269000,3578000,158362500,2059100,2271750,5046000,416450
US,US-MS,MS-4,539100,482650,38416750,944000,3591200,12395000,3603500,159292500,2077200,2286600,5088000,421600
US,US-MT,MT-AT LARGE,2068800,1816450,150214750,3552750,13527600,47028000,13552000,595845000,7857300,8528175,19007250,1606100
US,US-NC,NC-1,570100,514100,40971000,1005450,3834200,13186000,3839000,171892500,2217800,2453700,5438250,444400
US,US-NC,NC-10,417900,376800,30039750,736975,2810600,9672000,2814000,125955000,1626500,1798275,3983250,325800
US,US-NC,NC-11,639100,577100,46153500,1128725,4310700,14898000,4309000,193830000,2502800,2757375,6107250,500450
US,US-NC,NC-12,1328000,1195450,95367750,2338025,8906400,30592000,8927000,398595000,5150000,5693250,12616500,1033000
US,US-NC,NC-13,546800,490300,39528750,958950,3656300,12612000,3661000,163132500,2118100,2330025,5164500,425550
US,US-NC,NC-2,780000,702800,56330250,1374525,5243800,18069000,5248000,235080000,3038400,3349725,7420500,608100
US,US-NC,NC-3,414100,373600,29787000,730750,2788500,9620000,2790000,125077500,1616400,1784100,3955500,323850
US,US-NC,NC-4,937900,847300,67466750,1657200,6320900,21705000,6328000,283965000,3654800,4046700,8962500,730900
US,US-NC,NC-5,560100,505600,40449250,988875,3776100,13022000,3775500,169755000,2189800,2414700,5351250,437800
US,US-NC,NC-6,533500,481400,38532500,941550,3595200,12403000,3595000,161527500,2084900,2298750,5093250,416900
US,US-NC,NC-7,567800,512850,40998000,1003050,3830600,13224000,3829500,172275000,2222700,2450625,5430750,444500
US,US-NC,NC-8,550500,495950,39591750,969950,3698200,12730000,3703500,165622500,2141000,2364450,5241000,429300
US,US-NC,NC-9,1081000,973350,77647250,1903700,7228800,25093000,7264000,322282500,4216500,4616175,10340250,862350
US,US-ND,ND-AT LARGE,974600,850500,70276000,1663500,6321000,21900000,6345000,276945000,3661800,3978600,8877750,751750
US,US-NE,NE-1,238000,213600,17139750,417775,1592800,5516000,1595000,71137500,924700,1016775,2259000,186350
US,US-NE,NE-2,508100,452700,36585250,885450,3371900,11673000,3379500,149655000,1955500,2144850,4771500,396000
US,US-NE,NE-3,166800,149600,12011750,292550,1115100,3861000,1117000,49747500,647300,711300,1581750,130650
US,US-NH,NH-1,2100400,1896100,149664500,3708300,14107200,48244000,14163500,631725000,8126400,9030150,20075250,1632750
US,US-NH,NH-2,1834300,1655850,130814500,3238425,12320500,42146000,12369000,551782500,7099400,7886175,17535000,1426000
US,US-NJ,NJ-1,505000,452950,36334500,885875,3376700,11661000,3381500,150622500,1956500,2153625,4787250,394050
US,US-NJ,NJ-10,424100,378650,30566000,740550,2821400,9759000,2826500,125265000,1635100,1796025,3984000,330250
US,US-NJ,NJ-11,651900,579150,47025000,1132750,4312200,14931000,4323000,190740000,2500000,2736600,6078000,506650
US,US-NJ,NJ-12,413000,368900,29752750,721525,2749000,9508000,2754000,122175000,1593600,1750200,3887250,322100
US,US-NJ,NJ-2,393000,351550,28284500,687550,2620000,9067000,2624500,116452500,1518600,1668525,3709500,306950
US,US-NJ,NJ-3,723800,642850,52125000,1257300,4786100,16562000,4798500,211627500,2771800,3036825,6756750,562400
US,US-NJ,NJ-4,431900,385500,31137250,754000,2872500,9941000,2878000,127537500,1665400,1827225,4059000,336650
US,US-NJ,NJ-5,456600,407700,32933250,797450,3039200,10516000,3043500,135187500,1762500,1934400,4295250,355850
US,US-NJ,NJ-6,400800,358650,28857250,701500,2673100,9241000,2678000,118912500,1549300,1703475,3780750,312600
US,US-NJ,NJ-7,880600,776350,63672250,1518450,5776900,20000000,5793500,254805000,3347500,3654750,8139750,682200
US,US-NJ,NJ-8,788800,706150,56620500,1381150,5259500,18132000,5272500,233782500,3042700,3354975,7442250,613600
US,US-NJ,NJ-9,603500,541150,43352500,1058450,4032200,13908000,4041000,179625000,2333800,2573625,5711250,470250
US,US-NM,NM-1,354300,316300,25530750,618625,2357400,8170000,2361000,104902500,1368500,1501125,3336000,276900
US,US-NM,NM-2,604000,535900,43774250,1048200,3990700,13840000,4000000,176467500,2314400,2530950,5622750,469750
US,US-NM,NM-3,333000,297300,24046500,581525,2217300,7692000,2219500,98767500,1287800,1411500,3136500,260450
US,US-NV,NV-1,2433000,2168050,175223750,4240325,16123900,55428000,16184000,714277500,9316800,10239675,22735500,1880850
US,US-NV,NV-2,1461900,1298050,105231000,2538725,9652600,33252000,9688500,426847500,5582600,6119400,13623750,1132600
US,US-NV,NV-3,2137000,1903750,154060000,3723425,14159200,48750000,14211000,627427500,8187800,8994300,19989750,1655800
US,US-NV,NV-4,1139900,1017400,82070750,1989825,7566800,26039000,7595000,335767500,4375100,4811175,10698750,884150
US,US-NY,NY-1,487100,436250,35177000,853275,3253700,11272000,3257000,145245000,1888800,2074425,4602750,380450
US,US-NY,NY-10,677700,608150,48570500,1189450,4529700,15594000,4541500,201855000,2619000,2894850,6422250,527300
US,US-NY,NY-11,568400,509200,40892750,995875,3792600,13071000,3802000,168870000,2193800,2418825,5367000,441400
US,US-NY,NY-12,774000,693850,55433500,1357100,5168700,17798000,5181000,230092500,2989100,3302475,7326750,602050
US,US-NY,NY-13,426400,382650,30546500,748350,2850400,9822000,2857000,127035000,1649100,1821300,4042500,332300
US,US-NY,NY-14,451300,405750,32447250,793625,3026100,10439000,3030000,135337500,1752400,1934850,4289250,352050
US,US-NY,NY-15,430100,386300,30847250,755550,2878800,9921000,2884500,128527500,1665600,1840350,4080750,335100
US,US-NY,NY-16,450000,405800,32618500,793700,3033800,10543000,3029500,136455000,1766100,1939275,4290750,353750
US,US-NY,NY-17,388200,349050,27944250,682700,2604300,8999000,2606500,116587500,1509900,1664475,3691500,303550
US,US-NY,NY-18,377900,339000,27190000,663050,2527700,8732000,2531000,112837500,1464500,1613625,3581250,294950
US,US-NY,NY-19,724400,640750,52416500,1253175,4768500,16508000,4782000,210285000,2762400,3019200,6714000,561500
US,US-NY,NY-2,304600,273800,21910000,535475,2041600,7051000,2044500,91312500,1183100,1304700,2894250,237800
US,US-NY,NY-20,424500,379550,30547250,742350,2828100,9772000,2833500,125842500,1639000,1802550,4003500,330950
US,US-NY,NY-21,268400,240150,19291500,469700,1789300,6187000,1793000,79650000,1037100,1141125,2533500,209100
US,US-NY,NY-22,667700,590050,48176250,1154100,4389300,15192000,4404000,193492500,2542900,2778900,6177750,516700
US,US-NY,NY-23,315900,281700,22704500,551000,2098100,7252000,2103000,93112500,1216000,1335450,2970000,246100
US,US-NY,NY-24,431300,383900,31066750,750800,2858000,9885000,2865500,126637500,1656000,1817550,4040250,335150
US,US-NY,NY-25,308300,276500,22189250,540775,2061800,7129000,2064500,92040000,1195600,1315950,2922000,241050
US,US-NY,NY-26,335400,301000,24096000,588750,2244100,7753000,2247500,100155000,1300900,1433100,3183750,262050
US,US-NY,NY-27,211900,190150,15240750,371950,1418200,4904000,1420000,63330000,822600,905325,2011500,165800
US,US-NY,NY-3,401100,360000,28859750,704150,2684000,9268000,2688000,119857500,1555000,1713750,3803250,313150
US,US-NY,NY-4,389200,349700,27989750,684000,2607600,9002000,2611500,116527500,1510600,1665975,3696000,303850
US,US-NY,NY-5,348400,313200,25058500,612550,2335900,8060000,2338500,104460000,1352800,1493325,3311250,271850
US,US-NY,NY-6,308800,277750,22204000,543250,2071600,7142000,2074000,92700000,1199400,1324875,2936250,240850
US,US-NY,NY-7,569100,511400,40789250,1000275,3810400,13117000,3819000,170085000,2203600,2436600,5407500,443500
US,US-NY,NY-8,229100,205750,16460000,402375,1533700,5290000,1536000,68505000,887900,980175,2173500,178600
US,US-NY,NY-9,380600,342400,27480500,669725,2557100,8839000,2557000,114682500,1483800,1634700,3624000,297650
US,US-OH,OH-1,799200,709800,57615000,1388250,5286300,18243000,5298000,234562500,3060900,3355200,7458750,620150
US,US-OH,OH-10,390600,350750,28083500,686050,2615300,9000000,2619000,116917500,1513300,1669500,3705750,304400
US,US-OH,OH-11,507200,456250,36454750,892400,3402800,11699000,3407000,152235000,1968100,2174550,4824750,395450
US,US-OH,OH-12,698000,619000,49600750,1210650,4605800,15882000,4619000,203872500,2662300,2921775,6490500,541050
US,US-OH,OH-13,337100,302700,24248500,592050,2256700,7768000,2260500,100800000,1305700,1440450,3196500,262600
US,US-OH,OH-14,455600,409900,32803500,801650,3057300,10529000,3060500,136822500,1770100,1952400,4332000,355400
US,US-OH,OH-15,718200,641200,51486250,1254125,4774900,16423000,4787000,212445000,2760100,3039000,6750000,557000
US,US-OH,OH-16,393300,353650,28277000,691675,2637100,9082000,2640500,117952500,1526400,1684275,3738750,306750
US,US-OH,OH-2,545000,488300,39119000,955000,3639600,12540000,3645500,162427500,2107100,2320950,5151000,424250
US,US-OH,OH-3,538500,483050,38552750,944800,3598000,12345000,3607000,160447500,2077300,2295150,5091000,417800
US,US-OH,OH-4,397200,356350,28470250,697000,2655800,9143000,2661000,118455000,1536400,1695225,3762000,309150
US,US-OH,OH-5,355200,319600,25509000,625075,2382700,8191000,2386500,106552500,1377900,1522575,3376500,276650
US,US-OH,OH-6,276000,247500,19865000,484100,1844900,6357000,1848000,82290000,1067900,1176675,2610750,214900
US,US-OH,OH-7,375100,337000,26924500,659100,2512500,8643000,2516500,112365000,1453300,1604100,3561000,292200
US,US-OH,OH-8,359400,323250,25882750,632250,2411700,8299000,2414000,107977500,1396100,1540425,3417750,280250
US,US-OH,OH-9,308000,277000,22135000,541750,2065500,7106000,2068500,92400000,1195000,1319475,2928000,240100
US,US-OK,OK-1,525200,472450,37684750,924025,3519900,12092000,3528500,157387500,2034400,2250000,4987500,408350
US,US-OK,OK-2,275000,247000,19708750,483075,1840000,6332000,1844500,82192500,1064400,1175400,2607000,213950
US,US-OK,OK-3,273100,245450,19622750,480025,1829400,6296000,1833000,81780000,1058200,1168875,2592000,212600
US,US-OK,OK-4,332500,298750,23855500,584300,2226000,7659000,2231000,99390000,1287300,1422150,3153750,258850
US,US-OK,OK-5,639000,572800,45873750,1120300,4265000,14669000,4277000,189690000,2464900,2720625,6031500,496000
US,US-OR,OR-1,452100,407300,32754250,796675,3044500,10601000,3040500,136882500,1776100,1944225,4315500,355900
US,US-OR,OR-2,488300,435500,35201000,851775,3246300,11265000,3250500,144487500,1886500,2066100,4593750,381500
US,US-OR,OR-3,518100,465200,37301750,909900,3470400,12028000,3473000,155137500,2016400,2216175,4920750,406200
US,US-OR,OR-4,337600,303100,24303750,592825,2260900,7833000,2263000,101055000,1313200,1443525,3207000,264700
US,US-OR,OR-5,432500,388650,31182000,760150,2900400,10059000,2901500,129840000,1686300,1852050,4113000,339250
US,US-PA,PA-1,1046300,935600,75874500,1829900,6978500,24202000,6984000,310882500,4053900,4437600,9864750,817000
US,US-PA,PA-10,516100,463000,37312500,905575,3453700,11959000,3456500,154305000,2005000,2201700,4890000,403400
US,US-PA,PA-11,429400,385900,31035000,754825,2880500,9976000,2881500,129015000,1672900,1838175,4085250,336250
US,US-PA,PA-12,409000,366800,29419750,717400,2734100,9460000,2738500,121912500,1586000,1744950,3884250,319400
US,US-PA,PA-13,358500,322100,25931000,629975,2404000,8328000,2404500,107632500,1396300,1533900,3408000,280700
US,US-PA,PA-14,433300,390700,31438000,764225,2921300,10142000,2917000,131482500,1700600,1865775,4145250,340550
US,US-PA,PA-15,283500,255200,20502750,499125,1905700,6605000,1905500,85507500,1107600,1217025,2703750,222200
US,US-PA,PA-16,441000,396000,31925750,774475,2955000,10242000,2956000,132240000,1717200,1883850,4188000,345300
US,US-PA,PA-17,440900,396000,31835000,774550,2955500,10239000,2956500,132285000,1716300,1885725,4192500,345100
US,US-PA,PA-18,806400,723750,58178500,1415600,5400500,18696000,5403500,241515000,3134400,3444075,7662000,631200
US,US-PA,PA-2,518700,465200,37369750,909900,3469500,11991000,3473000,154980000,2011400,2212275,4919250,405100
US,US-PA,PA-3,617300,552500,44354500,1080575,4116400,14209000,4124500,183142500,2383100,2623725,5835000,481200
US,US-PA,PA-4,713100,641000,51619000,1253700,4786200,16597000,4785500,214477500,2782700,3052800,6784500,559200
US,US-PA,PA-5,601100,540050,43409000,1056325,4031500,13971000,4032000,180525000,2342100,2572125,5716500,470700
US,US-PA,PA-6,680000,609350,49130750,1191800,4545400,15748000,4549000,202860000,2639600,2895975,6437250,531500
US,US-PA,PA-7,517000,464750,37365250,908975,3468700,12008000,3470000,155355000,2014000,2213250,4919250,404600
US,US-PA,PA-8,458300,411100,33132500,804025,3067500,10621000,3069000,137302500,1781300,1956000,4345500,358150
US,US-PA,PA-9,354000,318050,25591750,622075,2373900,8219000,2374500,106320000,1378600,1514550,3366000,277100
US,US-RI,RI-1,243400,218500,17471500,427350,1628900,5625000,1631500,72720000,943900,1040700,2312250,190450
US,US-RI,RI-2,214400,192500,15409250,376550,1435700,4964000,1437500,64147500,832700,916950,2037750,167950
US,US-SC,SC-1,863600,778400,61949750,1522475,5799400,19985000,5813000,259492500,3359400,3709125,8238000,675550
US,US-SC,SC-2,562500,508150,40310500,993850,3786100,13023000,3795000,169762500,2191000,2424525,5382000,439700
US,US-SC,SC-3,439500,396800,31511500,776100,2957800,10177000,2963500,132615000,1712000,1893525,4202250,343300
US,US-SC,SC-4,675400,610450,48467000,1193925,4550200,15666000,4558500,204292500,2636100,2913600,6468000,528400
US,US-SC,SC-5,813500,734400,58303750,1436375,5470700,18830000,5484500,245107500,3167800,3502275,7779000,636800
US,US-SC,SC-6,584900,527950,41842500,1032575,3931000,13515000,3943000,175920000,2272600,2517150,5592000,456600
US,US-SC,SC-7,775200,699800,55485250,1368675,5211400,17962000,5225500,233407500,3019800,3336525,7417500,608400
US,US-SD,SD-AT LARGE,316800,282350,22745250,552225,2101800,7276000,2107500,93067500,1218300,1336875,2970000,247250
US,US-TN,TN-1,773000,681150,55478750,1332250,5065400,17514000,5083000,223597500,2934500,3206100,7132500,597350
US,US-TN,TN-2,870500,766950,62435750,1500025,5703000,19712000,5723000,251722500,3303200,3609225,8031000,672600
US,US-TN,TN-3,758200,668100,54367000,1306725,4968300,17172000,4985500,219330000,2877700,3144375,6996000,585800
US,US-TN,TN-4,836600,739000,60077250,1445375,5496200,18969000,5515000,242947500,3181300,3481800,7741500,646100
US,US-TN,TN-5,1906400,1685000,137143750,3295625,12531200,43269000,12575500,553612500,7254500,7941525,17661000,1474000
US,US-TN,TN-6,777200,684300,55747250,1338425,5088300,17590000,5106500,224587500,2947300,3219600,7164000,600150
US,US-TN,TN-7,754100,665250,54173750,1301175,4947900,17092000,4964500,218595000,2865000,3133125,6970500,582800
US,US-TN,TN-8,597700,526350,42919500,1029425,3913800,13531000,3927500,172717500,2267300,2476125,5508750,461550
US,US-TN,TN-9,1222800,1084900,87970000,2121900,8071000,27791000,8098500,357660000,4666800,5123850,11379750,944250
US,US-TX,TX-1,322300,290050,23153250,567250,2161900,7433000,2166000,96682500,1250700,1382025,3064500,251150
US,US-TX,TX-10,677900,608850,48772500,1190825,4537600,15609000,4546500,202620000,2625100,2897400,6427500,527500
US,US-TX,TX-11,300200,269850,21568750,527750,2011200,6920000,2015000,89880000,1163600,1285125,2850000,233700
US,US-TX,TX-12,438600,395050,31525250,772600,2944800,10109000,2950000,131805000,1703200,1883400,4173750,341550
US,US-TX,TX-13,284600,255950,20452750,500625,1908200,6559000,1911500,85350000,1103600,1219725,2703750,221550
US,US-TX,TX-14,347200,312150,24950750,610475,2326500,8003000,2331000,103995000,1346100,1486425,3297000,270450
US,US-TX,TX-15,405400,365400,29179000,714625,2725200,9351000,2729000,122227500,1576700,1744500,3863250,315800
US,US-TX,TX-16,455900,410400,32722250,802650,3057700,10485000,3065000,136710000,1767000,1955325,4332750,354200
US,US-TX,TX-17,327300,293900,23537000,574850,2190200,7531000,2194500,97777500,1267000,1398825,3102000,254700
US,US-TX,TX-18,1184600,1067500,84916000,2087775,7948400,27198000,7972000,355200000,4586900,5079675,11261250,918900
US,US-TX,TX-19,275600,247550,19801000,484200,1844900,6349000,1848500,82372500,1067400,1178325,2614500,214600
US,US-TX,TX-2,464100,416750,33344000,815125,3105200,10679000,3112000,138585000,1796000,1982775,4400250,361300
US,US-TX,TX-20,334300,300000,24002250,586775,2234700,7683000,2240500,99690000,1292100,1427025,3164250,260000
US,US-TX,TX-21,590900,531450,42437500,1039450,3959900,13612000,3968500,176977500,2290400,2530200,5612250,460050
US,US-TX,TX-22,594600,533750,42805000,1043925,3977900,13693000,3985500,177480000,2302000,2538375,5634000,463050
US,US-TX,TX-23,601600,538050,43326750,1052325,4006800,13793000,4017000,178192500,2317900,2552925,5662500,467150
US,US-TX,TX-24,791000,710950,56938000,1390500,5301200,18238000,5309000,237075000,3068500,3387225,7511250,616500
US,US-TX,TX-25,749600,674550,53795500,1319350,5026000,17260000,5037500,224707500,2905500,3212700,7125750,583250
US,US-TX,TX-26,442100,397050,31755500,776600,2959300,10190000,2965000,132120000,1712800,1890300,4194750,344750
US,US-TX,TX-27,703600,632950,50447250,1237925,4714200,16174000,4726500,210570000,2723600,3013425,6682500,546900
US,US-TX,TX-28,472400,424650,33915500,830575,3164000,10861000,3171500,141337500,1828300,2022075,4481250,367200
US,US-TX,TX-29,316400,284350,22718000,556125,2118400,7278000,2123500,94597500,1224700,1353375,3001500,246100
US,US-TX,TX-3,577100,518300,41539000,1013750,3864000,13293000,3870500,172710000,2236100,2467350,5475750,449500
US,US-TX,TX-30,1029300,927100,73789000,1813175,6905200,23675000,6924000,308745000,3986900,4416750,9792750,799550
US,US-TX,TX-31,566500,506300,40802500,990225,3772200,12998000,3780000,167910000,2183700,2403000,5334750,440600
US,US-TX,TX-32,1228800,1101300,88443500,2153900,8200800,28193000,8223000,365175000,4739700,5229300,11603250,953300
US,US-TX,TX-33,412500,370900,29711000,725400,2766100,9518000,2769500,123757500,1601300,1767675,3918000,321550
US,US-TX,TX-34,248200,223000,17798250,436100,1661100,5704000,1665000,74175000,959800,1061475,2353500,193000
US,US-TX,TX-35,274100,246000,19678250,481150,1832500,6298000,1837000,81727500,1059300,1170150,2594250,213050
US,US-TX,TX-36,368200,330800,26460250,646950,2465400,8491000,2470000,110122500,1427000,1574700,3494250,287100
US,US-TX,TX-4,570400,512850,41037500,1003025,3823700,13164000,3829500,170970000,2213300,2442525,5416500,444300
US,US-TX,TX-5,553000,497350,39790000,972700,3708400,12758000,3714000,165892500,2145700,2369100,5251500,430450
US,US-TX,TX-6,557700,500900,40184500,979700,3735200,12862000,3740500,166920000,2162700,2385000,5287500,434600
US,US-TX,TX-7,1033600,926500,74539000,1812050,6904500,23735000,6918000,308002500,3995200,4404525,9765750,803450
US,US-TX,TX-8,465700,418200,33482250,817925,3117000,10743000,3122500,139125000,1805300,1990275,4416000,363250
US,US-TX,TX-9,409300,367250,29434500,718250,2735600,9406000,2742000,121972500,1581700,1745475,3871500,318150
US,US-UT,UT-1,425000,383100,30738000,749325,2863300,9894000,2860500,128685000,1660800,1830675,4052250,332700
US,US-UT,UT-2,883700,796350,63761750,1557475,5945900,20500000,5946500,266797500,3443600,3801375,8413500,689650
US,US-UT,UT-3,391300,352500,28288500,689425,2633500,9092000,2632000,118230000,1526700,1683150,3724500,305900
US,US-UT,UT-4,536500,482150,38848250,943050,3600500,12439000,3600000,161190000,2087300,2297475,5083500,418500
US,US-VA,VA-1,479600,430400,34438500,841750,3206400,11027000,3214000,143055000,1853300,2047125,4543500,372800
US,US-VA,VA-10,1173100,1042650,84589750,2039275,7761000,26747000,7784000,343852500,4486500,4931850,10958250,908300
US,US-VA,VA-11,922300,826100,66435250,1615700,6154000,21165000,6168500,274245000,3557600,3925650,8705250,715950
US,US-VA,VA-2,1122900,1004800,80737750,1965175,7481300,25729000,7502500,332767500,4323700,4768050,10590000,871500
US,US-VA,VA-3,427000,383850,30645750,750775,2859500,9819000,2867000,127657500,1651700,1827225,4052250,331750
US,US-VA,VA-4,704300,631450,50564000,1235050,4702600,16169000,4715500,209565000,2717200,3001800,6670500,547450
US,US-VA,VA-5,529800,473250,38139500,925550,3524000,12130000,3533000,156660000,2038000,2243700,4980000,411250
US,US-VA,VA-6,432300,389150,31043000,761125,2900900,9969000,2906500,129825000,1677300,1855350,4113000,336500
US,US-VA,VA-7,718700,638900,51778500,1249625,4753700,16395000,4770000,210510000,2748800,3020925,6726000,557150
US,US-VA,VA-8,1171100,1051300,84110500,2056175,7832900,26926000,7850500,349702500,4528600,5004225,11101500,910250
US,US-VA,VA-9,343200,308750,24601250,603850,2300300,7902000,2306000,102787500,1329400,1470825,3262500,266900
US,US-VT,VT-AT LARGE,466300,420950,33401500,823300,3136900,10744000,3144000,140655000,1810700,2008275,4452750,362450
US,US-WA,WA-1,601000,539650,43164250,1055475,4021400,13839000,4029500,179482500,2326200,2567625,5698500,468400
US,US-WA,WA-10,518500,465250,37262250,909975,3467200,11930000,3474000,154717500,2005700,2212800,4911000,403700
US,US-WA,WA-2,447100,402550,32087250,787300,3000600,10309000,3006000,134257500,1734900,1918650,4257750,348450
US,US-WA,WA-3,521600,467350,37546750,914025,3482300,12000000,3489500,155010000,2015600,2219100,4923750,405800
US,US-WA,WA-4,341900,307950,24531500,602300,2295200,7871000,2300000,102735000,1325900,1467225,3253500,265900
US,US-WA,WA-5,531200,472850,38044750,924850,3520400,12124000,3530000,156435000,2036300,2239275,4977000,412050
US,US-WA,WA-6,497800,448250,35726000,876650,3341400,11497000,3347000,149527500,1933700,2136375,4743750,388650
US,US-WA,WA-7,807000,724200,57934250,1416425,5395700,18561000,5407500,240577500,3120500,3445500,7647000,628500
US,US-WA,WA-8,764200,676400,55364500,1322975,5033200,17399000,5048500,222007500,2914000,3186975,7077000,591550
US,US-WA,WA-9,764400,686050,54993750,1341800,5113200,17592000,5122500,228330000,2958400,3263025,7242000,595100
US,US-WI,WI-1,688300,611850,49729000,1196675,4561100,15804000,4566500,202687500,2647700,2894925,6435750,535600
US,US-WI,WI-2,813200,726250,58627500,1420425,5414800,18735000,5421000,241447500,3142700,3445500,7663500,633950
US,US-WI,WI-3,592100,529850,42716500,1036350,3953200,13704000,3955000,176632500,2297000,2517750,5595750,462400
US,US-WI,WI-4,782700,701400,56620750,1371850,5239900,18172000,5236000,235027500,3047100,3335100,7427250,612400
US,US-WI,WI-5,605900,542050,43735750,1060200,4045700,14028000,4046500,180810000,2351100,2575200,5729250,473300
US,US-WI,WI-6,596900,532550,43029500,1041600,3972000,13767000,3975000,177067500,2307300,2526600,5619750,465700
US,US-WI,WI-7,501300,448650,36156250,877475,3346900,11592000,3349000,149580000,1944200,2130900,4737000,391400
US,US-WI,WI-8,613600,547450,44378500,1070725,4083800,14172000,4086000,182115000,2374200,2596275,5769750,478500
US,US-WV,WV-1,425600,374600,30606500,732650,2786600,9658000,2795000,122842500,1616100,1761975,3927750,329950
US,US-WV,WV-2,500700,440850,36036750,862225,3279900,11370000,3289500,144502500,1902200,2073450,4618500,388150
US,US-WV,WV-3,435300,382800,31354500,748675,2847000,9870000,2856000,125130000,1651100,1797600,4002750,336950
US,US-WY,WY-AT LARGE,273700,243800,19542000,476875,1815300,6284000,1820000,80512500,1053000,1154400,2570250,214050
